{
	"credit": "Made with Blockbench",
	"textures": {
		"bottom": "block/door/acacia/lower",
		"top": "block/door/acacia/upper"
	},
	"elements": [
		{
			"from": [0, 0, 0],
			"to": [3, 16, 3],
			"faces": {
				"north": {"uv": [7, 0, 5, 16], "texture": "#top", "cullface": "north"},
				"east": {"uv": [3, 0, 0, 16], "texture": "#top"},
				"south": {"uv": [5, 0, 7, 16], "texture": "#top"},
				"west": {"uv": [0, 0, 3, 16], "texture": "#top", "cullface": "west"},
				"up": {"uv": [13, 0, 16, 3], "texture": "#top", "cullface": "up"}
			}
		},
		{
			"from": [0, 0, 5],
			"to": [3, 13, 7],
			"faces": {
				"north": {"uv": [7, 3, 5, 16], "texture": "#top"},
				"east": {"uv": [7, 3, 5, 16], "texture": "#top"},
				"south": {"uv": [5, 3, 7, 16], "texture": "#top"},
				"west": {"uv": [5, 3, 7, 16], "texture": "#top", "cullface": "west"},
				"up": {"uv": [13, 5, 16, 7], "texture": "#top", "cullface": "up"}
			}
		},
		{
			"from": [0, 0, 9],
			"to": [3, 13, 11],
			"faces": {
				"north": {"uv": [7, 3, 5, 16], "texture": "#top"},
				"east": {"uv": [11, 3, 9, 16], "texture": "#top"},
				"south": {"uv": [5, 3, 7, 16], "texture": "#top"},
				"west": {"uv": [9, 3, 11, 16], "texture": "#top", "cullface": "west"},
				"up": {"uv": [13, 9, 16, 11], "texture": "#top", "cullface": "up"}
			}
		},
		{
			"from": [0, 0, 13],
			"to": [3, 16, 16],
			"faces": {
				"north": {"uv": [7, 0, 5, 16], "texture": "#top"},
				"east": {"uv": [16, 0, 13, 16], "texture": "#top"},
				"south": {"uv": [5, 0, 7, 16], "texture": "#top"},
				"west": {"uv": [13, 0, 16, 16], "texture": "#top", "cullface": "west"},
				"up": {"uv": [13, 13, 16, 16], "texture": "#top", "cullface": "up"}
			}
		},
		{
			"from": [0, 13, 3],
			"to": [3, 16, 13],
			"faces": {
				"east": {"uv": [13, 0, 3, 3], "texture": "#top"},
				"west": {"uv": [3, 0, 13, 3], "texture": "#top", "cullface": "west"},
				"up": {"uv": [13, 3, 16, 13], "texture": "#top", "cullface": "up"},
				"down": {"uv": [13, 13, 16, 3], "texture": "#top"}
			}
		},
		{
			"from": [0, 0, 3],
			"to": [3, 1, 5],
			"faces": {
				"east": {"uv": [5, 15, 3, 16], "texture": "#top"},
				"west": {"uv": [3, 15, 5, 16], "texture": "#top", "cullface": "west"},
				"up": {"uv": [0, 8, 3, 10], "texture": "#top", "cullface": "up"}
			}
		},
		{
			"from": [0, 0, 7],
			"to": [3, 1, 9],
			"faces": {
				"east": {"uv": [9, 15, 7, 16], "texture": "#top"},
				"west": {"uv": [7, 15, 9, 16], "texture": "#top", "cullface": "west"},
				"up": {"uv": [0, 8, 3, 10], "texture": "#top", "cullface": "up"}
			}
		},
		{
			"from": [0, 0, 11],
			"to": [3, 1, 13],
			"faces": {
				"east": {"uv": [13, 15, 11, 16], "texture": "#top"},
				"west": {"uv": [11, 15, 13, 16], "texture": "#top", "cullface": "west"},
				"up": {"uv": [0, 8, 3, 10], "texture": "#top", "cullface": "up"}
			}
		},
		{
			"from": [0, -16, 0],
			"to": [3, 0, 3],
			"faces": {
				"north": {"uv": [7, 0, 5, 16], "texture": "#bottom", "cullface": "north"},
				"east": {"uv": [3, 0, 0, 16], "texture": "#bottom"},
				"south": {"uv": [5, 0, 7, 16], "texture": "#bottom"},
				"west": {"uv": [0, 0, 3, 16], "texture": "#bottom", "cullface": "west"},
				"up": {"uv": [13, 0, 16, 3], "texture": "#bottom", "cullface": "up"}
			}
		},
		{
			"from": [0, -13, 5],
			"to": [3, 0, 7],
			"faces": {
				"north": {"uv": [7, 0, 5, 13], "texture": "#bottom"},
				"east": {"uv": [7, 0, 5, 13], "texture": "#bottom"},
				"south": {"uv": [5, 0, 7, 13], "texture": "#bottom"},
				"west": {"uv": [5, 0, 7, 13], "texture": "#bottom", "cullface": "west"},
				"up": {"uv": [13, 5, 16, 7], "texture": "#bottom", "cullface": "up"}
			}
		},
		{
			"from": [0, -13, 9],
			"to": [3, 0, 11],
			"faces": {
				"north": {"uv": [7, 0, 5, 13], "texture": "#bottom"},
				"east": {"uv": [11, 0, 9, 13], "texture": "#bottom"},
				"south": {"uv": [5, 0, 7, 13], "texture": "#bottom"},
				"west": {"uv": [9, 0, 11, 13], "texture": "#bottom", "cullface": "west"},
				"up": {"uv": [13, 9, 16, 11], "texture": "#bottom", "cullface": "up"}
			}
		},
		{
			"from": [0, -16, 13],
			"to": [3, 0, 16],
			"faces": {
				"north": {"uv": [7, 0, 5, 16], "texture": "#bottom"},
				"east": {"uv": [16, 0, 13, 16], "texture": "#bottom"},
				"south": {"uv": [5, 0, 7, 16], "texture": "#bottom"},
				"west": {"uv": [13, 0, 16, 16], "texture": "#bottom", "cullface": "west"},
				"up": {"uv": [13, 13, 16, 16], "texture": "#bottom", "cullface": "up"}
			}
		},
		{
			"from": [0, -16, 3],
			"to": [3, -13, 13],
			"faces": {
				"east": {"uv": [13, 13, 3, 16], "texture": "#bottom"},
				"west": {"uv": [3, 13, 13, 16], "texture": "#bottom", "cullface": "west"},
				"up": {"uv": [13, 3, 16, 13], "texture": "#bottom"},
				"down": {"uv": [13, 13, 16, 3], "texture": "#bottom", "cullface": "down"}
			}
		},
		{
			"from": [0, -1, 3],
			"to": [3, 0, 5],
			"faces": {
				"east": {"uv": [5, 0, 3, 1], "texture": "#bottom"},
				"west": {"uv": [3, 0, 5, 1], "texture": "#bottom", "cullface": "west"},
				"up": {"uv": [13, 15, 11, 16], "texture": "#bottom", "cullface": "up"}
			}
		},
		{
			"from": [0, -1, 7],
			"to": [3, 0, 9],
			"faces": {
				"east": {"uv": [9, 0, 7, 1], "texture": "#bottom"},
				"west": {"uv": [7, 0, 9, 1], "texture": "#bottom", "cullface": "west"},
				"up": {"uv": [9, 15, 7, 16], "texture": "#bottom", "cullface": "up"}
			}
		},
		{
			"from": [0, -1, 11],
			"to": [3, 0, 13],
			"faces": {
				"east": {"uv": [13, 0, 11, 1], "texture": "#bottom"},
				"west": {"uv": [11, 0, 13, 1], "texture": "#bottom", "cullface": "west"},
				"up": {"uv": [5, 15, 3, 16], "texture": "#bottom", "cullface": "up"}
			}
		}
	],
	"gui_light": "front",
	"display": {
		"thirdperson_righthand": {
			"rotation": [0, 90, 0],
			"translation": [0, 5.76, -0.96],
			"scale": [0.35, 0.3, 0.35]
		},
		"thirdperson_lefthand": {
			"rotation": [0, 90, 0],
			"translation": [0, 5.76, 3.84],
			"scale": [0.35, 0.3, 0.35]
		},
		"firstperson_righthand": {
			"rotation": [-21, 7, 0],
			"translation": [3.84, 4.8, 0],
			"scale": [0.4, 0.4, 0.4]
		},
		"firstperson_lefthand": {
			"rotation": [-21, 7, 0],
			"translation": [3.84, 4.8, 0],
			"scale": [0.4, 0.4, 0.4]
		},
		"ground": {
			"translation": [0, 4.5, 0],
			"scale": [0.2, 0.2, 0.2]
		},
		"gui": {
			"rotation": [0, 90, 0],
			"translation": [0, 3.8, 0],
			"scale": [0.54, 0.5, 0.6]
		},
		"fixed": {
			"rotation": [0, -90, 0],
			"translation": [0, 2.88, 2.2],
			"scale": [0.4, 0.4, 0.4]
		}
	}
}