{"parent": "item/generated","textures": {"layer0": "item/compass/compass_0064"},"overrides": [ 
	{"predicate":{"angle":0.0000000},"model":"item/compass"},
	{"predicate":{"angle":0.00390625},"model":"item/compass/compass_0065"},
	{"predicate":{"angle":0.01171875},"model":"item/compass/compass_0066"},
	{"predicate":{"angle":0.01953125},"model":"item/compass/compass_0067"},
	{"predicate":{"angle":0.02734375},"model":"item/compass/compass_0068"},
	{"predicate":{"angle":0.03515625},"model":"item/compass/compass_0069"},
	{"predicate":{"angle":0.04296875},"model":"item/compass/compass_0070"},
	{"predicate":{"angle":0.05078125},"model":"item/compass/compass_0071"},
	{"predicate":{"angle":0.05859375},"model":"item/compass/compass_0072"},
	{"predicate":{"angle":0.06640625},"model":"item/compass/compass_0073"},
	{"predicate":{"angle":0.07421875},"model":"item/compass/compass_0074"},
	{"predicate":{"angle":0.08203125},"model":"item/compass/compass_0075"},
	{"predicate":{"angle":0.08984375},"model":"item/compass/compass_0076"},
	{"predicate":{"angle":0.09765625},"model":"item/compass/compass_0077"},
	{"predicate":{"angle":0.10546875},"model":"item/compass/compass_0078"},
	{"predicate":{"angle":0.11328125},"model":"item/compass/compass_0079"},
	{"predicate":{"angle":0.12109375},"model":"item/compass/compass_0080"},
	{"predicate":{"angle":0.12890625},"model":"item/compass/compass_0081"},
	{"predicate":{"angle":0.13671875},"model":"item/compass/compass_0082"},
	{"predicate":{"angle":0.14453125},"model":"item/compass/compass_0083"},
	{"predicate":{"angle":0.15234375},"model":"item/compass/compass_0084"},
	{"predicate":{"angle":0.16015625},"model":"item/compass/compass_0085"},
	{"predicate":{"angle":0.16796875},"model":"item/compass/compass_0086"},
	{"predicate":{"angle":0.17578125},"model":"item/compass/compass_0087"},
	{"predicate":{"angle":0.18359375},"model":"item/compass/compass_0088"},
	{"predicate":{"angle":0.19140625},"model":"item/compass/compass_0089"},
	{"predicate":{"angle":0.19921875},"model":"item/compass/compass_0090"},
	{"predicate":{"angle":0.20703125},"model":"item/compass/compass_0091"},
	{"predicate":{"angle":0.21484375},"model":"item/compass/compass_0092"},
	{"predicate":{"angle":0.22265625},"model":"item/compass/compass_0093"},
	{"predicate":{"angle":0.23046875},"model":"item/compass/compass_0094"},
	{"predicate":{"angle":0.23828125},"model":"item/compass/compass_0095"},
	{"predicate":{"angle":0.24609375},"model":"item/compass/compass_0096"},
	{"predicate":{"angle":0.25390625},"model":"item/compass/compass_0097"},
	{"predicate":{"angle":0.26171875},"model":"item/compass/compass_0098"},
	{"predicate":{"angle":0.26953125},"model":"item/compass/compass_0099"},
	{"predicate":{"angle":0.27734375},"model":"item/compass/compass_0100"},
	{"predicate":{"angle":0.28515625},"model":"item/compass/compass_0101"},
	{"predicate":{"angle":0.29296875},"model":"item/compass/compass_0102"},
	{"predicate":{"angle":0.30078125},"model":"item/compass/compass_0103"},
	{"predicate":{"angle":0.30859375},"model":"item/compass/compass_0104"},
	{"predicate":{"angle":0.31640625},"model":"item/compass/compass_0105"},
	{"predicate":{"angle":0.32421875},"model":"item/compass/compass_0106"},
	{"predicate":{"angle":0.33203125},"model":"item/compass/compass_0107"},
	{"predicate":{"angle":0.33984375},"model":"item/compass/compass_0108"},
	{"predicate":{"angle":0.34765625},"model":"item/compass/compass_0109"},
	{"predicate":{"angle":0.35546875},"model":"item/compass/compass_0110"},
	{"predicate":{"angle":0.36328125},"model":"item/compass/compass_0111"},
	{"predicate":{"angle":0.37109375},"model":"item/compass/compass_0112"},
	{"predicate":{"angle":0.37890625},"model":"item/compass/compass_0113"},
	{"predicate":{"angle":0.38671875},"model":"item/compass/compass_0114"},
	{"predicate":{"angle":0.39453125},"model":"item/compass/compass_0115"},
	{"predicate":{"angle":0.40234375},"model":"item/compass/compass_0116"},
	{"predicate":{"angle":0.41015625},"model":"item/compass/compass_0117"},
	{"predicate":{"angle":0.41796875},"model":"item/compass/compass_0118"},
	{"predicate":{"angle":0.42578125},"model":"item/compass/compass_0119"},
	{"predicate":{"angle":0.43359375},"model":"item/compass/compass_0120"},
	{"predicate":{"angle":0.44140625},"model":"item/compass/compass_0121"},
	{"predicate":{"angle":0.44921875},"model":"item/compass/compass_0122"},
	{"predicate":{"angle":0.45703125},"model":"item/compass/compass_0123"},
	{"predicate":{"angle":0.46484375},"model":"item/compass/compass_0124"},
	{"predicate":{"angle":0.47265625},"model":"item/compass/compass_0125"},
	{"predicate":{"angle":0.48046875},"model":"item/compass/compass_0126"},
	{"predicate":{"angle":0.48828125},"model":"item/compass/compass_0127"},
	{"predicate":{"angle":0.49609375},"model":"item/compass/compass_000"},
	{"predicate":{"angle":0.50390625},"model":"item/compass/compass_0001"},
	{"predicate":{"angle":0.51171875},"model":"item/compass/compass_0002"},
	{"predicate":{"angle":0.51953125},"model":"item/compass/compass_0003"},
	{"predicate":{"angle":0.52734375},"model":"item/compass/compass_0004"},
	{"predicate":{"angle":0.53515625},"model":"item/compass/compass_0005"},
	{"predicate":{"angle":0.54296875},"model":"item/compass/compass_0006"},
	{"predicate":{"angle":0.55078125},"model":"item/compass/compass_0007"},
	{"predicate":{"angle":0.55859375},"model":"item/compass/compass_0008"},
	{"predicate":{"angle":0.56640625},"model":"item/compass/compass_0009"},
	{"predicate":{"angle":0.57421875},"model":"item/compass/compass_0010"},
	{"predicate":{"angle":0.58203125},"model":"item/compass/compass_0011"},
	{"predicate":{"angle":0.58984375},"model":"item/compass/compass_0012"},
	{"predicate":{"angle":0.59765625},"model":"item/compass/compass_0013"},
	{"predicate":{"angle":0.60546875},"model":"item/compass/compass_0014"},
	{"predicate":{"angle":0.61328125},"model":"item/compass/compass_0015"},
	{"predicate":{"angle":0.62109375},"model":"item/compass/compass_0016"},
	{"predicate":{"angle":0.62890625},"model":"item/compass/compass_0017"},
	{"predicate":{"angle":0.63671875},"model":"item/compass/compass_0018"},
	{"predicate":{"angle":0.64453125},"model":"item/compass/compass_0019"},
	{"predicate":{"angle":0.65234375},"model":"item/compass/compass_0020"},
	{"predicate":{"angle":0.66015625},"model":"item/compass/compass_0021"},
	{"predicate":{"angle":0.66796875},"model":"item/compass/compass_0022"},
	{"predicate":{"angle":0.67578125},"model":"item/compass/compass_0023"},
	{"predicate":{"angle":0.68359375},"model":"item/compass/compass_0024"},
	{"predicate":{"angle":0.69140625},"model":"item/compass/compass_0025"},
	{"predicate":{"angle":0.69921875},"model":"item/compass/compass_0026"},
	{"predicate":{"angle":0.70703125},"model":"item/compass/compass_0027"},
	{"predicate":{"angle":0.71484375},"model":"item/compass/compass_0028"},
	{"predicate":{"angle":0.72265625},"model":"item/compass/compass_0029"},
	{"predicate":{"angle":0.73046875},"model":"item/compass/compass_0030"},
	{"predicate":{"angle":0.73828125},"model":"item/compass/compass_0031"},
	{"predicate":{"angle":0.74609375},"model":"item/compass/compass_0032"},
	{"predicate":{"angle":0.75390625},"model":"item/compass/compass_0033"},
	{"predicate":{"angle":0.76171875},"model":"item/compass/compass_0034"},
	{"predicate":{"angle":0.76953125},"model":"item/compass/compass_0035"},
	{"predicate":{"angle":0.77734375},"model":"item/compass/compass_0036"},
	{"predicate":{"angle":0.78515625},"model":"item/compass/compass_0037"},
	{"predicate":{"angle":0.79296875},"model":"item/compass/compass_0038"},
	{"predicate":{"angle":0.80078125},"model":"item/compass/compass_0039"},
	{"predicate":{"angle":0.80859375},"model":"item/compass/compass_0040"},
	{"predicate":{"angle":0.81640625},"model":"item/compass/compass_0041"},
	{"predicate":{"angle":0.82421875},"model":"item/compass/compass_0042"},
	{"predicate":{"angle":0.83203125},"model":"item/compass/compass_0043"},
	{"predicate":{"angle":0.83984375},"model":"item/compass/compass_0044"},
	{"predicate":{"angle":0.84765625},"model":"item/compass/compass_0045"},
	{"predicate":{"angle":0.85546875},"model":"item/compass/compass_0046"},
	{"predicate":{"angle":0.86328125},"model":"item/compass/compass_0047"},
	{"predicate":{"angle":0.87109375},"model":"item/compass/compass_0048"},
	{"predicate":{"angle":0.87890625},"model":"item/compass/compass_0049"},
	{"predicate":{"angle":0.88671875},"model":"item/compass/compass_0050"},
	{"predicate":{"angle":0.89453125},"model":"item/compass/compass_0051"},
	{"predicate":{"angle":0.90234375},"model":"item/compass/compass_0052"},
	{"predicate":{"angle":0.91015625},"model":"item/compass/compass_0053"},
	{"predicate":{"angle":0.91796875},"model":"item/compass/compass_0054"},
	{"predicate":{"angle":0.92578125},"model":"item/compass/compass_0055"},
	{"predicate":{"angle":0.93359375},"model":"item/compass/compass_0056"},
	{"predicate":{"angle":0.94140625},"model":"item/compass/compass_0057"},
	{"predicate":{"angle":0.94921875},"model":"item/compass/compass_0058"},
	{"predicate":{"angle":0.95703125},"model":"item/compass/compass_0059"},
	{"predicate":{"angle":0.96484375},"model":"item/compass/compass_0060"},
	{"predicate":{"angle":0.97265625},"model":"item/compass/compass_0061"},
	{"predicate":{"angle":0.98046875},"model":"item/compass/compass_0062"},
	{"predicate":{"angle":0.98828125},"model":"item/compass/compass_0063"},
	{"predicate":{"angle":0.99609375},"model":"item/compass"}]}