{   "parent": "block/block",
    "ambientocclusion": false,
    "textures": {
        "frame": "item/end_crystal_frame",
        "crystal": "item/end_crystal",
        "particle": "item/end_crystal"
    },
    "elements": [
        {   "from": [ 0, 0, 0 ],
            "to": [ 16, 16, 16 ],
            "faces": {
                "down":  { "uv": [ 0, 0, 16, 16 ], "texture": "#frame" },
                "up":    { "uv": [ 0, 0, 16, 16 ], "texture": "#frame" },
                "north": { "uv": [ 0, 0, 16, 16 ], "texture": "#frame" },
                "south": { "uv": [ 0, 0, 16, 16 ], "texture": "#frame" },
                "west":  { "uv": [ 0, 0, 16, 16 ], "texture": "#frame" },
                "east":  { "uv": [ 0, 0, 16, 16 ], "texture": "#frame" }
            }
        },
        {   "from": [ 2, 2, 2 ],
            "to": [ 14, 14, 14 ],
            "faces": {
                "down":  { "uv": [ 0, 0, 16, 16 ], "texture": "#crystal" },
                "up":    { "uv": [ 0, 0, 16, 16 ], "texture": "#crystal" },
                "north": { "uv": [ 0, 0, 16, 16 ], "texture": "#crystal" },
                "south": { "uv": [ 0, 0, 16, 16 ], "texture": "#crystal" },
                "west":  { "uv": [ 0, 0, 16, 16 ], "texture": "#crystal" },
                "east":  { "uv": [ 0, 0, 16, 16 ], "texture": "#crystal" }
            }
        }
    ]
}
