{
	"credit": "Made with Blockbench",
	"textures": {
		"bottom": "block/door/iron/lower",
		"top": "block/door/iron/upper",
		"frame": "block/door/iron/trim"
	},
	"elements": [
		{
			"from": [0, 0, 0],
			"to": [3, 16, 4],
			"faces": {
				"north": {"uv": [9, 0, 6, 16], "texture": "#frame"},
				"east": {"uv": [4, 0, 0, 16], "texture": "#top"},
				"south": {"uv": [6, 0, 9, 16], "texture": "#frame"},
				"west": {"uv": [0, 0, 4, 16], "texture": "#top"},
				"up": {"uv": [0, 16, 3, 12], "texture": "#frame"}
			}
		},
		{
			"from": [0, 0, 12],
			"to": [3, 16, 16],
			"faces": {
				"north": {"uv": [9, 0, 6, 16], "texture": "#frame"},
				"east": {"uv": [16, 0, 12, 16], "texture": "#top"},
				"south": {"uv": [6, 0, 9, 16], "texture": "#frame"},
				"west": {"uv": [12, 0, 16, 16], "texture": "#top"},
				"up": {"uv": [0, 4, 3, 0], "texture": "#frame"}
			}
		},
		{
			"from": [0, 0, 4],
			"to": [3, 8.25, 12],
			"faces": {
				"east": {"uv": [12, 7.75, 4, 16], "texture": "#top"},
				"west": {"uv": [4, 7.75, 12, 16], "texture": "#top"},
				"up": {"uv": [0, 12, 3, 4], "texture": "#frame"}
			}
		},
		{
			"from": [0, 11.25, 4],
			"to": [3, 16, 12],
			"faces": {
				"east": {"uv": [12, 0, 4, 4.75], "texture": "#top"},
				"west": {"uv": [4, 0, 12, 4.75], "texture": "#top"},
				"up": {"uv": [0, 12, 3, 4], "texture": "#frame"},
				"down": {"uv": [0, 12, 3, 4], "texture": "#frame"}
			}
		},
		{
			"from": [1.25, 8.25, 10.75],
			"to": [1.75, 11.25, 11.25],
			"faces": {
				"north": {"uv": [4.75, 5, 5.25, 7.75], "texture": "#top"},
				"east": {"uv": [4.75, 5, 5.25, 7.75], "texture": "#top"},
				"south": {"uv": [4.75, 5, 5.25, 7.75], "texture": "#top"},
				"west": {"uv": [4.75, 5, 5.25, 7.75], "texture": "#top"}
			}
		},
		{
			"from": [1.25, 8.25, 9.25],
			"to": [1.75, 11.25, 9.75],
			"faces": {
				"north": {"uv": [6.25, 5, 6.75, 7.75], "texture": "#top"},
				"east": {"uv": [6.25, 5, 6.75, 7.75], "texture": "#top"},
				"south": {"uv": [6.25, 5, 6.75, 7.75], "texture": "#top"},
				"west": {"uv": [6.25, 5, 6.75, 7.75], "texture": "#top"}
			}
		},
		{
			"from": [1.25, 8.25, 7.75],
			"to": [1.75, 11.25, 8.25],
			"faces": {
				"north": {"uv": [7.75, 5, 8.25, 7.75], "texture": "#top"},
				"east": {"uv": [7.75, 5, 8.25, 7.75], "texture": "#top"},
				"south": {"uv": [7.75, 5, 8.25, 7.75], "texture": "#top"},
				"west": {"uv": [7.75, 5, 8.25, 7.75], "texture": "#top"}
			}
		},
		{
			"from": [1.25, 8.25, 6.25],
			"to": [1.75, 11.25, 6.75],
			"faces": {
				"north": {"uv": [9.25, 5, 9.75, 7.75], "texture": "#top"},
				"east": {"uv": [9.25, 5, 9.75, 7.75], "texture": "#top"},
				"south": {"uv": [9.25, 5, 9.75, 7.75], "texture": "#top"},
				"west": {"uv": [9.25, 5, 9.75, 7.75], "texture": "#top"}
			}
		},
		{
			"from": [1.25, 8.25, 4.75],
			"to": [1.75, 11.25, 5.25],
			"faces": {
				"north": {"uv": [10.75, 5, 11.25, 7.75], "texture": "#top"},
				"east": {"uv": [10.75, 5, 11.25, 7.75], "texture": "#top"},
				"south": {"uv": [10.75, 5, 11.25, 7.75], "texture": "#top"},
				"west": {"uv": [10.75, 5, 11.25, 7.75], "texture": "#top"}
			}
		},
		{
			"from": [0, -16, 0],
			"to": [3, 0, 16],
			"faces": {
				"north": {"uv": [6, 0, 3, 16], "texture": "#frame"},
				"east": {"uv": [16, 0, 0, 16], "texture": "#bottom"},
				"south": {"uv": [3, 0, 6, 16], "texture": "#frame"},
				"west": {"uv": [0, 0, 16, 16], "texture": "#bottom"},
				"down": {"uv": [0, 0, 3, 16], "texture": "#frame"}
			}
		}
	],
	"gui_light": "front",
	"display": {
		"thirdperson_righthand": {
			"rotation": [0, 90, 0],
			"translation": [0, 5.76, -0.96],
			"scale": [0.35, 0.3, 0.35]
		},
		"thirdperson_lefthand": {
			"rotation": [0, 90, 0],
			"translation": [0, 5.76, 3.84],
			"scale": [0.35, 0.3, 0.35]
		},
		"firstperson_righthand": {
			"rotation": [-21, 7, 0],
			"translation": [3.84, 4.8, 0],
			"scale": [0.4, 0.4, 0.4]
		},
		"firstperson_lefthand": {
			"rotation": [-21, 7, 0],
			"translation": [3.84, 4.8, 0],
			"scale": [0.4, 0.4, 0.4]
		},
		"ground": {
			"translation": [0, 4.5, 0],
			"scale": [0.2, 0.2, 0.2]
		},
		"gui": {
			"rotation": [0, 90, 0],
			"translation": [0, 3.8, 0],
			"scale": [0.54, 0.5, 0.6]
		},
		"fixed": {
			"rotation": [0, -90, 0],
			"translation": [0, 2.88, 2.2],
			"scale": [0.4, 0.4, 0.4]
		}
	}
}