{
	"credit": "Made with Blockbench",
	"parent": "block/utility/item_frame",
	"gui_light": "front",
	"display": {
		"thirdperson_righthand": {
			"rotation": [180, 180, 180],
			"translation": [0, 3, -1.2],
			"scale": [0.37, 0.37, 0.37]
		},
		"firstperson_righthand": {
			"translation": [0, 1, -3],
			"scale": [0.55, 0.55, 0.55]
		},
		"firstperson_lefthand": {
			"rotation": [0, 225, 0],
			"scale": [0.4, 0.4, 0.4]
		},
		"ground": {
			"translation": [0, 2.5, 0],
			"scale": [0.4, 0.4, 0.4]
		},
		"gui": {
			"rotation": [180, 0, 90]
		},
		"fixed": {
			"translation": [0, 0, -7.25]
		}
	}
}