{   "parent": "block/block",
    "textures": {
        "top": "item/shulker_shell/top",
        "side": "item/shulker_shell/side",
        "bottom": "item/shulker_shell/bottom"
    },
    "elements": [
        {   "from": [ 0, 0, 0 ],
            "to": [ 16, 12, 0 ],
            "faces": {
                "north": { "uv": [ 0, 4, 16, 16 ], "texture": "#side"}
            }

        },
        {   "from": [ 0, 0, 16 ],
            "to": [ 16, 12, 16 ],
            "faces": {
                "south": { "uv": [ 0, 4, 16, 16 ], "texture": "#side"}
            }

        },
        {   "from": [ 0, 0, 0 ],
            "to": [ 0, 12, 16 ],
            "faces": {
                "west": { "uv": [ 0, 4, 16, 16 ], "texture": "#side"}
            }

        },
        {   "from": [ 16, 0, 0 ],
            "to": [ 16, 12, 16 ],
            "faces": {
                "east": { "uv": [ 0, 4, 16, 16 ], "texture": "#side"}
            }

        },
        {   "from": [ 0, 0, 0.1 ],
            "to": [ 16, 12, 0.1 ],
            "faces": {
                "south": { "uv": [ 0, 4, 16, 16 ], "texture": "#side"}
            }

        },
        {   "from": [ 0, 0, 15.9 ],
            "to": [ 16, 12, 15.9 ],
            "faces": {
                "north": { "uv": [ 0, 4, 16, 16 ], "texture": "#side"}
            }

        },
        {   "from": [ 0.1, 0, 0 ],
            "to": [ 0.1, 12, 16 ],
            "faces": {
                "east": { "uv": [ 0, 4, 16, 16 ], "texture": "#side"}
            }

        },
        {   "from": [ 15.9, 0, 0 ],
            "to": [ 15.9, 12, 16 ],
            "faces": {
                "west": { "uv": [ 0, 4, 16, 16 ], "texture": "#side"}
            }

        },
        {   "from": [ 0, 0, 0 ],
            "to": [ 16, 0, 16 ],
            "faces": {
                "down": { "uv": [ 0, 0, 16, 16 ], "texture": "#bottom"}
            }

        },
        {   "from": [ 0, 0.1, 0 ],
            "to": [ 16, 0.1, 16 ],
            "faces": {
                "up": { "uv": [ 0, 0, 16, 16 ], "texture": "#bottom"}
            }

        },
        {   "from": [ 0, 12, 0 ],
            "to": [ 16, 12, 16 ],
            "faces": {
            "up": { "uv": [ 0, 0, 16, 16 ], "texture": "#top"}
            }
        },
        {   "from": [ 0, 11.9, 0 ],
            "to": [ 16, 11.9, 16 ],
            "faces": {
            "down": { "uv": [ 0, 0, 16, 16 ], "texture": "#top"}
            }
        }
    ]

}
