{
    "parent": "block/soul_lantern",
	"display": {
        "gui": {
			"rotation": [ 30, 225, 0 ],
			"translation": [ 0, 0.5, 0],
			"scale":[ 0.9, 0.9, 0.9 ]
		},
		"ground": {
			"rotation": [ 0, 0, 0 ],
			"translation": [ 0, 3, 0],
			"scale":[ 0.35, 0.35, 0.35 ]
		},
		"fixed": {
			"rotation": [ 0, 0, 0 ],
			"translation": [ 0, 0, 0],
			"scale":[ 0.5, 0.5, 0.5 ]
		},
		"thirdperson_righthand": {
			"rotation": [ 75, 45, 0 ],
			"translation": [ 0, 2.5, 0],
			"scale": [ 0.375, 0.375, 0.375 ]
		},
		"firstperson_righthand": {
			"rotation": [ 0, 45, 0 ],
			"translation": [ 0, 2, 0 ],
			"scale": [ 0.40, 0.40, 0.40 ]
		},
		"firstperson_lefthand": {
			"rotation": [ 0, 225, 0 ],
			"translation": [ 0, 2, 0 ],
			"scale": [ 0.40, 0.40, 0.40 ]
		}
    }
}
