{
	"credit": "Designed by @ARTUROG3504 with Blockbench",
        "ambientocclusion": false,
	"textures": {
		"0": "block/chain",
		"particle": "block/chain"
	},
	"elements": [
		{
			"from": [7, 1, 7.75],
			"to": [9, 1.75, 8.25],
			"rotation": {"angle": 0, "axis": "y", "origin": [15, 9, 15.75]},
			"faces": {
				"north": {"uv": [13.5, 15.25, 15.5, 16], "texture": "#0"},
				"east": {"uv": [12.25, 15.25, 12.75, 16], "texture": "#0"},
				"south": {"uv": [13.5, 15.25, 15.5, 16], "texture": "#0"},
				"west": {"uv": [12.25, 15.25, 12.75, 16], "texture": "#0"},
				"up": {"uv": [13.5, 9.75, 15.5, 10.25], "texture": "#0"},
				"down": {"uv": [13.5, 9.75, 15.5, 10.25], "texture": "#0"}
			}
		},
		{
			"from": [6.75, 1.25, 7.75],
			"to": [7, 1.75, 8.25],
			"rotation": {"angle": 0, "axis": "y", "origin": [13, 9, 15.75]},
			"faces": {
				"north": {"uv": [15.5, 15.25, 15.75, 15.75], "texture": "#0"},
				"east": {"uv": [0, 0, 0.5, 0.5], "texture": "#0"},
				"south": {"uv": [13.25, 15.25, 13.5, 15.75], "texture": "#0"},
				"west": {"uv": [12.25, 15.25, 12.75, 15.75], "texture": "#0"},
				"up": {"uv": [0, 0, 0.25, 0.5], "texture": "#0"},
				"down": {"uv": [15.5, 9.75, 15.75, 10.25], "texture": "#0"}
			}
		},
		{
			"from": [6.75, 5.75, 7.75],
			"to": [7, 6.25, 8.25],
			"rotation": {"angle": 0, "axis": "y", "origin": [13, 13.5, 15.75]},
			"faces": {
				"north": {"uv": [15.5, 10.75, 15.75, 11.25], "texture": "#0"},
				"east": {"uv": [0, 0, 0.5, 0.5], "texture": "#0"},
				"south": {"uv": [13.25, 10.75, 13.5, 11.25], "texture": "#0"},
				"west": {"uv": [12.25, 10.75, 12.75, 11.25], "texture": "#0"},
				"up": {"uv": [15.5, 9.75, 15.75, 10.25], "texture": "#0"},
				"down": {"uv": [0, 0, 0.25, 0.5], "texture": "#0"}
			}
		},
		{
			"from": [6.5, 5.75, 7.75],
			"to": [6.75, 6, 8.25],
			"rotation": {"angle": 0, "axis": "y", "origin": [12.75, 13.5, 15.75]},
			"faces": {
				"north": {"uv": [15.75, 11, 16, 11.25], "texture": "#0"},
				"east": {"uv": [0, 0, 0.5, 0.25], "texture": "#0"},
				"south": {"uv": [13, 11, 13.25, 11.25], "texture": "#0"},
				"west": {"uv": [12.25, 11, 12.75, 11.25], "texture": "#0"},
				"up": {"uv": [15.75, 9.75, 16, 10.25], "texture": "#0"},
				"down": {"uv": [0, 0, 0.25, 0.5], "texture": "#0"}
			}
		},
		{
			"from": [7.25, 5.5, 7.75],
			"to": [7.5, 5.75, 8.25],
			"rotation": {"angle": 0, "axis": "y", "origin": [13.5, 13.25, 15.75]},
			"faces": {
				"north": {"uv": [15, 11.25, 15.25, 11.5], "texture": "#0"},
				"east": {"uv": [12.25, 11.25, 12.75, 11.5], "texture": "#0"},
				"south": {"uv": [13.75, 11.25, 14, 11.5], "texture": "#0"},
				"west": {"uv": [0, 0, 0.5, 0.25], "texture": "#0"},
				"up": {"uv": [0, 0, 0.25, 0.5], "texture": "#0"},
				"down": {"uv": [15, 9.75, 15.25, 10.25], "texture": "#0"}
			}
		},
		{
			"from": [7.25, 1.75, 7.75],
			"to": [7.5, 2, 8.25],
			"rotation": {"angle": 0, "axis": "y", "origin": [13.5, 9.5, 15.75]},
			"faces": {
				"north": {"uv": [15, 15, 15.25, 15.25], "texture": "#0"},
				"east": {"uv": [12.25, 15, 12.75, 15.25], "texture": "#0"},
				"south": {"uv": [13.75, 15, 14, 15.25], "texture": "#0"},
				"west": {"uv": [0, 0, 0.5, 0.25], "texture": "#0"},
				"up": {"uv": [15, 9.75, 15.25, 10.25], "texture": "#0"},
				"down": {"uv": [0, 0, 0.25, 0.5], "texture": "#0"}
			}
		},
		{
			"from": [8.5, 5.5, 7.75],
			"to": [8.75, 5.75, 8.25],
			"rotation": {"angle": 0, "axis": "y", "origin": [14.75, 13.25, 15.75]},
			"faces": {
				"north": {"uv": [13.75, 11.25, 14, 11.5], "texture": "#0"},
				"east": {"uv": [0, 0, 0.5, 0.25], "texture": "#0"},
				"south": {"uv": [15, 11.25, 15.25, 11.5], "texture": "#0"},
				"west": {"uv": [12.25, 11.25, 12.75, 11.5], "texture": "#0"},
				"up": {"uv": [0, 0, 0.25, 0.5], "texture": "#0"},
				"down": {"uv": [13.75, 9.75, 14, 10.25], "texture": "#0"}
			}
		},
		{
			"from": [8.5, 1.75, 7.75],
			"to": [8.75, 2, 8.25],
			"rotation": {"angle": 0, "axis": "y", "origin": [14.75, 9.5, 15.75]},
			"faces": {
				"north": {"uv": [13.75, 15, 14, 15.25], "texture": "#0"},
				"east": {"uv": [0, 0, 0.5, 0.25], "texture": "#0"},
				"south": {"uv": [15, 15, 15.25, 15.25], "texture": "#0"},
				"west": {"uv": [12.25, 15, 12.75, 15.25], "texture": "#0"},
				"up": {"uv": [13.75, 9.75, 14, 10.25], "texture": "#0"},
				"down": {"uv": [0, 0, 0.25, 0.5], "texture": "#0"}
			}
		},
		{
			"from": [6.5, 1.5, 7.75],
			"to": [6.75, 1.75, 8.25],
			"rotation": {"angle": 0, "axis": "y", "origin": [12.75, 9.25, 15.75]},
			"faces": {
				"north": {"uv": [15.75, 15.25, 16, 15.5], "texture": "#0"},
				"east": {"uv": [0, 0, 0.5, 0.25], "texture": "#0"},
				"south": {"uv": [13, 15.25, 13.25, 15.5], "texture": "#0"},
				"west": {"uv": [12.25, 15.25, 12.75, 15.5], "texture": "#0"},
				"up": {"uv": [0, 0, 0.25, 0.5], "texture": "#0"},
				"down": {"uv": [15.75, 9.75, 16, 10.25], "texture": "#0"}
			}
		},
		{
			"from": [9.25, 5.75, 7.75],
			"to": [9.5, 6, 8.25],
			"rotation": {"angle": 0, "axis": "y", "origin": [15.5, 13.5, 15.75]},
			"faces": {
				"north": {"uv": [13, 11, 13.25, 11.25], "texture": "#0"},
				"east": {"uv": [12.25, 11, 12.75, 11.25], "texture": "#0"},
				"south": {"uv": [15.75, 11, 16, 11.25], "texture": "#0"},
				"west": {"uv": [0, 0, 0.5, 0.25], "texture": "#0"},
				"up": {"uv": [13, 9.75, 13.25, 10.25], "texture": "#0"},
				"down": {"uv": [0, 0, 0.25, 0.5], "texture": "#0"}
			}
		},
		{
			"from": [9.25, 1.5, 7.75],
			"to": [9.5, 1.75, 8.25],
			"rotation": {"angle": 0, "axis": "y", "origin": [15.5, 9.25, 15.75]},
			"faces": {
				"north": {"uv": [13, 15.25, 13.25, 15.5], "texture": "#0"},
				"east": {"uv": [12.25, 15.25, 12.75, 15.5], "texture": "#0"},
				"south": {"uv": [15.75, 15.25, 16, 15.5], "texture": "#0"},
				"west": {"uv": [0, 0, 0.5, 0.25], "texture": "#0"},
				"up": {"uv": [0, 0, 0.25, 0.5], "texture": "#0"},
				"down": {"uv": [13, 9.75, 13.25, 10.25], "texture": "#0"}
			}
		},
		{
			"from": [9, 1.25, 7.75],
			"to": [9.25, 1.75, 8.25],
			"rotation": {"angle": 0, "axis": "y", "origin": [15.25, 9, 15.75]},
			"faces": {
				"north": {"uv": [13.25, 15.25, 13.5, 15.75], "texture": "#0"},
				"east": {"uv": [12.25, 15.25, 12.75, 15.75], "texture": "#0"},
				"south": {"uv": [15.5, 15.25, 15.75, 15.75], "texture": "#0"},
				"west": {"uv": [0, 0, 0.5, 0.5], "texture": "#0"},
				"up": {"uv": [0, 0, 0.25, 0.5], "texture": "#0"},
				"down": {"uv": [13.25, 9.75, 13.5, 10.25], "texture": "#0"}
			}
		},
		{
			"from": [9, 5.75, 7.75],
			"to": [9.25, 6.25, 8.25],
			"rotation": {"angle": 0, "axis": "y", "origin": [15.25, 13.5, 15.75]},
			"faces": {
				"north": {"uv": [13.25, 10.75, 13.5, 11.25], "texture": "#0"},
				"east": {"uv": [12.25, 10.75, 12.75, 11.25], "texture": "#0"},
				"south": {"uv": [15.5, 10.75, 15.75, 11.25], "texture": "#0"},
				"west": {"uv": [0, 0, 0.5, 0.5], "texture": "#0"},
				"up": {"uv": [13.25, 9.75, 13.5, 10.25], "texture": "#0"},
				"down": {"uv": [0, 0, 0.25, 0.5], "texture": "#0"}
			}
		},
		{
			"from": [7, 5.75, 7.75],
			"to": [9, 6.5, 8.25],
			"rotation": {"angle": 0, "axis": "y", "origin": [15, 13.75, 15.75]},
			"faces": {
				"north": {"uv": [13.5, 10.5, 15.5, 11.25], "texture": "#0"},
				"east": {"uv": [12.25, 10.5, 12.75, 11.25], "texture": "#0"},
				"south": {"uv": [13.5, 10.5, 15.5, 11.25], "texture": "#0"},
				"west": {"uv": [12.25, 10.5, 12.75, 11.25], "texture": "#0"},
				"up": {"uv": [13.5, 9.75, 15.5, 10.25], "texture": "#0"},
				"down": {"uv": [13.5, 9.75, 15.5, 10.25], "texture": "#0"}
			}
		},
		{
			"from": [6.5, 1.75, 7.75],
			"to": [7.25, 5.75, 8.25],
			"rotation": {"angle": 0, "axis": "y", "origin": [14.5, 9.75, 15.75]},
			"faces": {
				"north": {"uv": [15.25, 11.25, 16, 15.25], "texture": "#0"},
				"east": {"uv": [12.25, 11.5, 12.75, 15.5], "texture": "#0"},
				"south": {"uv": [13, 11.25, 13.75, 15.25], "texture": "#0"},
				"west": {"uv": [12.25, 11.25, 12.75, 15.25], "texture": "#0"},
				"up": {"uv": [0, 0, 0.75, 0.5], "texture": "#0"},
				"down": {"uv": [0, 0, 0.75, 0.5], "texture": "#0"}
			}
		},
		{
			"from": [8.75, 1.75, 7.75],
			"to": [9.5, 5.75, 8.25],
			"rotation": {"angle": 0, "axis": "y", "origin": [16.75, 9.75, 15.75]},
			"faces": {
				"north": {"uv": [13, 11.25, 13.75, 15.25], "texture": "#0"},
				"east": {"uv": [12.25, 11.25, 12.75, 15.25], "texture": "#0"},
				"south": {"uv": [15.25, 11.25, 16, 15.25], "texture": "#0"},
				"west": {"uv": [12.25, 11.5, 12.75, 15.5], "texture": "#0"},
				"up": {"uv": [0, 0, 0.75, 0.5], "texture": "#0"},
				"down": {"uv": [0, 0, 0.75, 0.5], "texture": "#0"}
			}
		},
		{
			"from": [7.75, 5, 7],
			"to": [8.25, 5.75, 9],
			"rotation": {"angle": 0, "axis": "y", "origin": [0.25, 13, 15]},
			"faces": {
				"north": {"uv": [12.25, 15.25, 12.75, 16], "texture": "#0"},
				"east": {"uv": [13.5, 15.25, 15.5, 16], "texture": "#0"},
				"south": {"uv": [12.25, 15.25, 12.75, 16], "texture": "#0"},
				"west": {"uv": [13.5, 15.25, 15.5, 16], "texture": "#0"},
				"up": {"uv": [13.5, 9.75, 15.5, 10.25], "rotation": 90, "texture": "#0"},
				"down": {"uv": [13.5, 9.75, 15.5, 10.25], "rotation": 270, "texture": "#0"}
			}
		},
		{
			"from": [7.75, 5.25, 6.75],
			"to": [8.25, 5.75, 7],
			"rotation": {"angle": 0, "axis": "y", "origin": [0.25, 13, 15]},
			"faces": {
				"north": {"uv": [12.25, 15.25, 12.75, 15.75], "texture": "#0"},
				"east": {"uv": [15.5, 15.25, 15.75, 15.75], "texture": "#0"},
				"south": {"uv": [0, 0, 0.5, 0.5], "texture": "#0"},
				"west": {"uv": [13.25, 15.25, 13.5, 15.75], "texture": "#0"},
				"up": {"uv": [0, 0, 0.25, 0.5], "rotation": 90, "texture": "#0"},
				"down": {"uv": [15.5, 9.75, 15.75, 10.25], "rotation": 270, "texture": "#0"}
			}
		},
		{
			"from": [7.75, 9.75, 6.75],
			"to": [8.25, 10.25, 7],
			"rotation": {"angle": 0, "axis": "y", "origin": [0.25, 13, 15]},
			"faces": {
				"north": {"uv": [12.25, 10.75, 12.75, 11.25], "texture": "#0"},
				"east": {"uv": [15.5, 10.75, 15.75, 11.25], "texture": "#0"},
				"south": {"uv": [0, 0, 0.5, 0.5], "texture": "#0"},
				"west": {"uv": [13.25, 10.75, 13.5, 11.25], "texture": "#0"},
				"up": {"uv": [15.5, 9.75, 15.75, 10.25], "rotation": 90, "texture": "#0"},
				"down": {"uv": [0, 0, 0.25, 0.5], "rotation": 270, "texture": "#0"}
			}
		},
		{
			"from": [7.75, 9.75, 6.5],
			"to": [8.25, 10, 6.75],
			"rotation": {"angle": 0, "axis": "y", "origin": [0.25, 13, 15]},
			"faces": {
				"north": {"uv": [12.25, 11, 12.75, 11.25], "texture": "#0"},
				"east": {"uv": [15.75, 11, 16, 11.25], "texture": "#0"},
				"south": {"uv": [0, 0, 0.5, 0.25], "texture": "#0"},
				"west": {"uv": [13, 11, 13.25, 11.25], "texture": "#0"},
				"up": {"uv": [15.75, 9.75, 16, 10.25], "rotation": 90, "texture": "#0"},
				"down": {"uv": [0, 0, 0.25, 0.5], "rotation": 270, "texture": "#0"}
			}
		},
		{
			"from": [7.75, 9.5, 7.25],
			"to": [8.25, 9.75, 7.5],
			"rotation": {"angle": 0, "axis": "y", "origin": [0.25, 13, 15]},
			"faces": {
				"north": {"uv": [0, 0, 0.5, 0.25], "texture": "#0"},
				"east": {"uv": [15, 11.25, 15.25, 11.5], "texture": "#0"},
				"south": {"uv": [12.25, 11.25, 12.75, 11.5], "texture": "#0"},
				"west": {"uv": [13.75, 11.25, 14, 11.5], "texture": "#0"},
				"up": {"uv": [0, 0, 0.25, 0.5], "rotation": 90, "texture": "#0"},
				"down": {"uv": [15, 9.75, 15.25, 10.25], "rotation": 270, "texture": "#0"}
			}
		},
		{
			"from": [7.75, 5.75, 7.25],
			"to": [8.25, 6, 7.5],
			"rotation": {"angle": 0, "axis": "y", "origin": [0.25, 13, 15]},
			"faces": {
				"north": {"uv": [0, 0, 0.5, 0.25], "texture": "#0"},
				"east": {"uv": [15, 15, 15.25, 15.25], "texture": "#0"},
				"south": {"uv": [12.25, 15, 12.75, 15.25], "texture": "#0"},
				"west": {"uv": [13.75, 15, 14, 15.25], "texture": "#0"},
				"up": {"uv": [15, 9.75, 15.25, 10.25], "rotation": 90, "texture": "#0"},
				"down": {"uv": [0, 0, 0.25, 0.5], "rotation": 270, "texture": "#0"}
			}
		},
		{
			"from": [7.75, 9.5, 8.5],
			"to": [8.25, 9.75, 8.75],
			"rotation": {"angle": 0, "axis": "y", "origin": [0.25, 13, 15]},
			"faces": {
				"north": {"uv": [12.25, 11.25, 12.75, 11.5], "texture": "#0"},
				"east": {"uv": [13.75, 11.25, 14, 11.5], "texture": "#0"},
				"south": {"uv": [0, 0, 0.5, 0.25], "texture": "#0"},
				"west": {"uv": [15, 11.25, 15.25, 11.5], "texture": "#0"},
				"up": {"uv": [0, 0, 0.25, 0.5], "rotation": 90, "texture": "#0"},
				"down": {"uv": [13.75, 9.75, 14, 10.25], "rotation": 270, "texture": "#0"}
			}
		},
		{
			"from": [7.75, 5.75, 8.5],
			"to": [8.25, 6, 8.75],
			"rotation": {"angle": 0, "axis": "y", "origin": [0.25, 13, 15]},
			"faces": {
				"north": {"uv": [12.25, 15, 12.75, 15.25], "texture": "#0"},
				"east": {"uv": [13.75, 15, 14, 15.25], "texture": "#0"},
				"south": {"uv": [0, 0, 0.5, 0.25], "texture": "#0"},
				"west": {"uv": [15, 15, 15.25, 15.25], "texture": "#0"},
				"up": {"uv": [13.75, 9.75, 14, 10.25], "rotation": 90, "texture": "#0"},
				"down": {"uv": [0, 0, 0.25, 0.5], "rotation": 270, "texture": "#0"}
			}
		},
		{
			"from": [7.75, 5.5, 6.5],
			"to": [8.25, 5.75, 6.75],
			"rotation": {"angle": 0, "axis": "y", "origin": [0.25, 13, 15]},
			"faces": {
				"north": {"uv": [12.25, 15.25, 12.75, 15.5], "texture": "#0"},
				"east": {"uv": [15.75, 15.25, 16, 15.5], "texture": "#0"},
				"south": {"uv": [0, 0, 0.5, 0.25], "texture": "#0"},
				"west": {"uv": [13, 15.25, 13.25, 15.5], "texture": "#0"},
				"up": {"uv": [0, 0, 0.25, 0.5], "rotation": 90, "texture": "#0"},
				"down": {"uv": [15.75, 9.75, 16, 10.25], "rotation": 270, "texture": "#0"}
			}
		},
		{
			"from": [7.75, 9.75, 9.25],
			"to": [8.25, 10, 9.5],
			"rotation": {"angle": 0, "axis": "y", "origin": [0.25, 13, 15]},
			"faces": {
				"north": {"uv": [0, 0, 0.5, 0.25], "texture": "#0"},
				"east": {"uv": [13, 11, 13.25, 11.25], "texture": "#0"},
				"south": {"uv": [12.25, 11, 12.75, 11.25], "texture": "#0"},
				"west": {"uv": [15.75, 11, 16, 11.25], "texture": "#0"},
				"up": {"uv": [13, 9.75, 13.25, 10.25], "rotation": 90, "texture": "#0"},
				"down": {"uv": [0, 0, 0.25, 0.5], "rotation": 270, "texture": "#0"}
			}
		},
		{
			"from": [7.75, 5.5, 9.25],
			"to": [8.25, 5.75, 9.5],
			"rotation": {"angle": 0, "axis": "y", "origin": [0.25, 13, 15]},
			"faces": {
				"north": {"uv": [0, 0, 0.5, 0.25], "texture": "#0"},
				"east": {"uv": [13, 15.25, 13.25, 15.5], "texture": "#0"},
				"south": {"uv": [12.25, 15.25, 12.75, 15.5], "texture": "#0"},
				"west": {"uv": [15.75, 15.25, 16, 15.5], "texture": "#0"},
				"up": {"uv": [0, 0, 0.25, 0.5], "rotation": 90, "texture": "#0"},
				"down": {"uv": [13, 9.75, 13.25, 10.25], "rotation": 270, "texture": "#0"}
			}
		},
		{
			"from": [7.75, 5.25, 9],
			"to": [8.25, 5.75, 9.25],
			"rotation": {"angle": 0, "axis": "y", "origin": [0.25, 13, 15]},
			"faces": {
				"north": {"uv": [0, 0, 0.5, 0.5], "texture": "#0"},
				"east": {"uv": [13.25, 15.25, 13.5, 15.75], "texture": "#0"},
				"south": {"uv": [12.25, 15.25, 12.75, 15.75], "texture": "#0"},
				"west": {"uv": [15.5, 15.25, 15.75, 15.75], "texture": "#0"},
				"up": {"uv": [0, 0, 0.25, 0.5], "rotation": 90, "texture": "#0"},
				"down": {"uv": [13.25, 9.75, 13.5, 10.25], "rotation": 270, "texture": "#0"}
			}
		},
		{
			"from": [7.75, 9.75, 9],
			"to": [8.25, 10.25, 9.25],
			"rotation": {"angle": 0, "axis": "y", "origin": [0.25, 13, 15]},
			"faces": {
				"north": {"uv": [0, 0, 0.5, 0.5], "texture": "#0"},
				"east": {"uv": [13.25, 10.75, 13.5, 11.25], "texture": "#0"},
				"south": {"uv": [12.25, 10.75, 12.75, 11.25], "texture": "#0"},
				"west": {"uv": [15.5, 10.75, 15.75, 11.25], "texture": "#0"},
				"up": {"uv": [13.25, 9.75, 13.5, 10.25], "rotation": 90, "texture": "#0"},
				"down": {"uv": [0, 0, 0.25, 0.5], "rotation": 270, "texture": "#0"}
			}
		},
		{
			"from": [7.75, 9.75, 7],
			"to": [8.25, 10.5, 9],
			"rotation": {"angle": 0, "axis": "y", "origin": [0.25, 13, 15]},
			"faces": {
				"north": {"uv": [12.25, 10.5, 12.75, 11.25], "texture": "#0"},
				"east": {"uv": [13.5, 10.5, 15.5, 11.25], "texture": "#0"},
				"south": {"uv": [12.25, 10.5, 12.75, 11.25], "texture": "#0"},
				"west": {"uv": [13.5, 10.5, 15.5, 11.25], "texture": "#0"},
				"up": {"uv": [13.5, 9.75, 15.5, 10.25], "rotation": 90, "texture": "#0"},
				"down": {"uv": [13.5, 9.75, 15.5, 10.25], "rotation": 270, "texture": "#0"}
			}
		},
		{
			"from": [7.75, 5.75, 6.5],
			"to": [8.25, 9.75, 7.25],
			"rotation": {"angle": 0, "axis": "y", "origin": [0.25, 13, 15]},
			"faces": {
				"north": {"uv": [12.25, 11.25, 12.75, 15.25], "texture": "#0"},
				"east": {"uv": [15.25, 11.25, 16, 15.25], "texture": "#0"},
				"south": {"uv": [12.25, 11.5, 12.75, 15.5], "texture": "#0"},
				"west": {"uv": [13, 11.25, 13.75, 15.25], "texture": "#0"},
				"up": {"uv": [0, 0, 0.75, 0.5], "rotation": 90, "texture": "#0"},
				"down": {"uv": [0, 0, 0.75, 0.5], "rotation": 270, "texture": "#0"}
			}
		},
		{
			"from": [7.75, 5.75, 8.75],
			"to": [8.25, 9.75, 9.5],
			"rotation": {"angle": 0, "axis": "y", "origin": [0.25, 13, 15]},
			"faces": {
				"north": {"uv": [12.25, 11.5, 12.75, 15.5], "texture": "#0"},
				"east": {"uv": [13, 11.25, 13.75, 15.25], "texture": "#0"},
				"south": {"uv": [12.25, 11.25, 12.75, 15.25], "texture": "#0"},
				"west": {"uv": [15.25, 11.25, 16, 15.25], "texture": "#0"},
				"up": {"uv": [0, 0, 0.75, 0.5], "rotation": 90, "texture": "#0"},
				"down": {"uv": [0, 0, 0.75, 0.5], "rotation": 270, "texture": "#0"}
			}
		},
		{
			"from": [7, 9, 7.75],
			"to": [9, 9.75, 8.25],
			"rotation": {"angle": 0, "axis": "y", "origin": [15, 17, 15.75]},
			"faces": {
				"north": {"uv": [13.5, 15.25, 15.5, 16], "texture": "#0"},
				"east": {"uv": [12.25, 15.25, 12.75, 16], "texture": "#0"},
				"south": {"uv": [13.5, 15.25, 15.5, 16], "texture": "#0"},
				"west": {"uv": [12.25, 15.25, 12.75, 16], "texture": "#0"},
				"up": {"uv": [13.5, 9.75, 15.5, 10.25], "texture": "#0"},
				"down": {"uv": [13.5, 9.75, 15.5, 10.25], "texture": "#0"}
			}
		},
		{
			"from": [6.75, 9.25, 7.75],
			"to": [7, 9.75, 8.25],
			"rotation": {"angle": 0, "axis": "y", "origin": [13, 17, 15.75]},
			"faces": {
				"north": {"uv": [15.5, 15.25, 15.75, 15.75], "texture": "#0"},
				"east": {"uv": [0, 0, 0.5, 0.5], "texture": "#0"},
				"south": {"uv": [13.25, 15.25, 13.5, 15.75], "texture": "#0"},
				"west": {"uv": [12.25, 15.25, 12.75, 15.75], "texture": "#0"},
				"up": {"uv": [0, 0, 0.25, 0.5], "texture": "#0"},
				"down": {"uv": [15.5, 9.75, 15.75, 10.25], "texture": "#0"}
			}
		},
		{
			"from": [6.75, 13.75, 7.75],
			"to": [7, 14.25, 8.25],
			"rotation": {"angle": 0, "axis": "y", "origin": [13, 21.5, 15.75]},
			"faces": {
				"north": {"uv": [15.5, 10.75, 15.75, 11.25], "texture": "#0"},
				"east": {"uv": [0, 0, 0.5, 0.5], "texture": "#0"},
				"south": {"uv": [13.25, 10.75, 13.5, 11.25], "texture": "#0"},
				"west": {"uv": [12.25, 10.75, 12.75, 11.25], "texture": "#0"},
				"up": {"uv": [15.5, 9.75, 15.75, 10.25], "texture": "#0"},
				"down": {"uv": [0, 0, 0.25, 0.5], "texture": "#0"}
			}
		},
		{
			"from": [6.5, 13.75, 7.75],
			"to": [6.75, 14, 8.25],
			"rotation": {"angle": 0, "axis": "y", "origin": [12.75, 21.5, 15.75]},
			"faces": {
				"north": {"uv": [15.75, 11, 16, 11.25], "texture": "#0"},
				"east": {"uv": [0, 0, 0.5, 0.25], "texture": "#0"},
				"south": {"uv": [13, 11, 13.25, 11.25], "texture": "#0"},
				"west": {"uv": [12.25, 11, 12.75, 11.25], "texture": "#0"},
				"up": {"uv": [15.75, 9.75, 16, 10.25], "texture": "#0"},
				"down": {"uv": [0, 0, 0.25, 0.5], "texture": "#0"}
			}
		},
		{
			"from": [7.25, 13.5, 7.75],
			"to": [7.5, 13.75, 8.25],
			"rotation": {"angle": 0, "axis": "y", "origin": [13.5, 21.25, 15.75]},
			"faces": {
				"north": {"uv": [15, 11.25, 15.25, 11.5], "texture": "#0"},
				"east": {"uv": [12.25, 11.25, 12.75, 11.5], "texture": "#0"},
				"south": {"uv": [13.75, 11.25, 14, 11.5], "texture": "#0"},
				"west": {"uv": [0, 0, 0.5, 0.25], "texture": "#0"},
				"up": {"uv": [0, 0, 0.25, 0.5], "texture": "#0"},
				"down": {"uv": [15, 9.75, 15.25, 10.25], "texture": "#0"}
			}
		},
		{
			"from": [7.25, 9.75, 7.75],
			"to": [7.5, 10, 8.25],
			"rotation": {"angle": 0, "axis": "y", "origin": [13.5, 17.5, 15.75]},
			"faces": {
				"north": {"uv": [15, 15, 15.25, 15.25], "texture": "#0"},
				"east": {"uv": [12.25, 15, 12.75, 15.25], "texture": "#0"},
				"south": {"uv": [13.75, 15, 14, 15.25], "texture": "#0"},
				"west": {"uv": [0, 0, 0.5, 0.25], "texture": "#0"},
				"up": {"uv": [15, 9.75, 15.25, 10.25], "texture": "#0"},
				"down": {"uv": [0, 0, 0.25, 0.5], "texture": "#0"}
			}
		},
		{
			"from": [8.5, 13.5, 7.75],
			"to": [8.75, 13.75, 8.25],
			"rotation": {"angle": 0, "axis": "y", "origin": [14.75, 21.25, 15.75]},
			"faces": {
				"north": {"uv": [13.75, 11.25, 14, 11.5], "texture": "#0"},
				"east": {"uv": [0, 0, 0.5, 0.25], "texture": "#0"},
				"south": {"uv": [15, 11.25, 15.25, 11.5], "texture": "#0"},
				"west": {"uv": [12.25, 11.25, 12.75, 11.5], "texture": "#0"},
				"up": {"uv": [0, 0, 0.25, 0.5], "texture": "#0"},
				"down": {"uv": [13.75, 9.75, 14, 10.25], "texture": "#0"}
			}
		},
		{
			"from": [8.5, 9.75, 7.75],
			"to": [8.75, 10, 8.25],
			"rotation": {"angle": 0, "axis": "y", "origin": [14.75, 17.5, 15.75]},
			"faces": {
				"north": {"uv": [13.75, 15, 14, 15.25], "texture": "#0"},
				"east": {"uv": [0, 0, 0.5, 0.25], "texture": "#0"},
				"south": {"uv": [15, 15, 15.25, 15.25], "texture": "#0"},
				"west": {"uv": [12.25, 15, 12.75, 15.25], "texture": "#0"},
				"up": {"uv": [13.75, 9.75, 14, 10.25], "texture": "#0"},
				"down": {"uv": [0, 0, 0.25, 0.5], "texture": "#0"}
			}
		},
		{
			"from": [6.5, 9.5, 7.75],
			"to": [6.75, 9.75, 8.25],
			"rotation": {"angle": 0, "axis": "y", "origin": [12.75, 17.25, 15.75]},
			"faces": {
				"north": {"uv": [15.75, 15.25, 16, 15.5], "texture": "#0"},
				"east": {"uv": [0, 0, 0.5, 0.25], "texture": "#0"},
				"south": {"uv": [13, 15.25, 13.25, 15.5], "texture": "#0"},
				"west": {"uv": [12.25, 15.25, 12.75, 15.5], "texture": "#0"},
				"up": {"uv": [0, 0, 0.25, 0.5], "texture": "#0"},
				"down": {"uv": [15.75, 9.75, 16, 10.25], "texture": "#0"}
			}
		},
		{
			"from": [9.25, 13.75, 7.75],
			"to": [9.5, 14, 8.25],
			"rotation": {"angle": 0, "axis": "y", "origin": [15.5, 21.5, 15.75]},
			"faces": {
				"north": {"uv": [13, 11, 13.25, 11.25], "texture": "#0"},
				"east": {"uv": [12.25, 11, 12.75, 11.25], "texture": "#0"},
				"south": {"uv": [15.75, 11, 16, 11.25], "texture": "#0"},
				"west": {"uv": [0, 0, 0.5, 0.25], "texture": "#0"},
				"up": {"uv": [13, 9.75, 13.25, 10.25], "texture": "#0"},
				"down": {"uv": [0, 0, 0.25, 0.5], "texture": "#0"}
			}
		},
		{
			"from": [9.25, 9.5, 7.75],
			"to": [9.5, 9.75, 8.25],
			"rotation": {"angle": 0, "axis": "y", "origin": [15.5, 17.25, 15.75]},
			"faces": {
				"north": {"uv": [13, 15.25, 13.25, 15.5], "texture": "#0"},
				"east": {"uv": [12.25, 15.25, 12.75, 15.5], "texture": "#0"},
				"south": {"uv": [15.75, 15.25, 16, 15.5], "texture": "#0"},
				"west": {"uv": [0, 0, 0.5, 0.25], "texture": "#0"},
				"up": {"uv": [0, 0, 0.25, 0.5], "texture": "#0"},
				"down": {"uv": [13, 9.75, 13.25, 10.25], "texture": "#0"}
			}
		},
		{
			"from": [9, 9.25, 7.75],
			"to": [9.25, 9.75, 8.25],
			"rotation": {"angle": 0, "axis": "y", "origin": [15.25, 17, 15.75]},
			"faces": {
				"north": {"uv": [13.25, 15.25, 13.5, 15.75], "texture": "#0"},
				"east": {"uv": [12.25, 15.25, 12.75, 15.75], "texture": "#0"},
				"south": {"uv": [15.5, 15.25, 15.75, 15.75], "texture": "#0"},
				"west": {"uv": [0, 0, 0.5, 0.5], "texture": "#0"},
				"up": {"uv": [0, 0, 0.25, 0.5], "texture": "#0"},
				"down": {"uv": [13.25, 9.75, 13.5, 10.25], "texture": "#0"}
			}
		},
		{
			"from": [9, 13.75, 7.75],
			"to": [9.25, 14.25, 8.25],
			"rotation": {"angle": 0, "axis": "y", "origin": [15.25, 21.5, 15.75]},
			"faces": {
				"north": {"uv": [13.25, 10.75, 13.5, 11.25], "texture": "#0"},
				"east": {"uv": [12.25, 10.75, 12.75, 11.25], "texture": "#0"},
				"south": {"uv": [15.5, 10.75, 15.75, 11.25], "texture": "#0"},
				"west": {"uv": [0, 0, 0.5, 0.5], "texture": "#0"},
				"up": {"uv": [13.25, 9.75, 13.5, 10.25], "texture": "#0"},
				"down": {"uv": [0, 0, 0.25, 0.5], "texture": "#0"}
			}
		},
		{
			"from": [7, 13.75, 7.75],
			"to": [9, 14.5, 8.25],
			"rotation": {"angle": 0, "axis": "y", "origin": [15, 21.75, 15.75]},
			"faces": {
				"north": {"uv": [13.5, 10.5, 15.5, 11.25], "texture": "#0"},
				"east": {"uv": [12.25, 10.5, 12.75, 11.25], "texture": "#0"},
				"south": {"uv": [13.5, 10.5, 15.5, 11.25], "texture": "#0"},
				"west": {"uv": [12.25, 10.5, 12.75, 11.25], "texture": "#0"},
				"up": {"uv": [13.5, 9.75, 15.5, 10.25], "texture": "#0"},
				"down": {"uv": [13.5, 9.75, 15.5, 10.25], "texture": "#0"}
			}
		},
		{
			"from": [6.5, 9.75, 7.75],
			"to": [7.25, 13.75, 8.25],
			"rotation": {"angle": 0, "axis": "y", "origin": [14.5, 17.75, 15.75]},
			"faces": {
				"north": {"uv": [15.25, 11.25, 16, 15.25], "texture": "#0"},
				"east": {"uv": [12.25, 11.5, 12.75, 15.5], "texture": "#0"},
				"south": {"uv": [13, 11.25, 13.75, 15.25], "texture": "#0"},
				"west": {"uv": [12.25, 11.25, 12.75, 15.25], "texture": "#0"},
				"up": {"uv": [0, 0, 0.75, 0.5], "texture": "#0"},
				"down": {"uv": [0, 0, 0.75, 0.5], "texture": "#0"}
			}
		},
		{
			"from": [8.75, 9.75, 7.75],
			"to": [9.5, 13.75, 8.25],
			"rotation": {"angle": 0, "axis": "y", "origin": [16.75, 17.75, 15.75]},
			"faces": {
				"north": {"uv": [13, 11.25, 13.75, 15.25], "texture": "#0"},
				"east": {"uv": [12.25, 11.25, 12.75, 15.25], "texture": "#0"},
				"south": {"uv": [15.25, 11.25, 16, 15.25], "texture": "#0"},
				"west": {"uv": [12.25, 11.5, 12.75, 15.5], "texture": "#0"},
				"up": {"uv": [0, 0, 0.75, 0.5], "texture": "#0"},
				"down": {"uv": [0, 0, 0.75, 0.5], "texture": "#0"}
			}
		},
		{
			"from": [7.75, 13, 7],
			"to": [8.25, 13.75, 9],
			"rotation": {"angle": 0, "axis": "y", "origin": [0.25, 21, 15]},
			"faces": {
				"north": {"uv": [12.25, 15.25, 12.75, 16], "texture": "#0"},
				"east": {"uv": [13.5, 15.25, 15.5, 16], "texture": "#0"},
				"south": {"uv": [12.25, 15.25, 12.75, 16], "texture": "#0"},
				"west": {"uv": [13.5, 15.25, 15.5, 16], "texture": "#0"},
				"up": {"uv": [13.5, 9.75, 15.5, 10.25], "rotation": 90, "texture": "#0"},
				"down": {"uv": [13.5, 9.75, 15.5, 10.25], "rotation": 270, "texture": "#0"}
			}
		},
		{
			"from": [7.75, 13.25, 6.75],
			"to": [8.25, 13.75, 7],
			"rotation": {"angle": 0, "axis": "y", "origin": [0.25, 21, 15]},
			"faces": {
				"north": {"uv": [12.25, 15.25, 12.75, 15.75], "texture": "#0"},
				"east": {"uv": [15.5, 15.25, 15.75, 15.75], "texture": "#0"},
				"south": {"uv": [0, 0, 0.5, 0.5], "texture": "#0"},
				"west": {"uv": [13.25, 15.25, 13.5, 15.75], "texture": "#0"},
				"up": {"uv": [0, 0, 0.25, 0.5], "rotation": 90, "texture": "#0"},
				"down": {"uv": [15.5, 9.75, 15.75, 10.25], "rotation": 270, "texture": "#0"}
			}
		},
		{
			"from": [7.75, 13.75, 7.25],
			"to": [8.25, 14, 7.5],
			"rotation": {"angle": 0, "axis": "y", "origin": [0.25, 21, 15]},
			"faces": {
				"north": {"uv": [0, 0, 0.5, 0.25], "texture": "#0"},
				"east": {"uv": [15, 15, 15.25, 15.25], "texture": "#0"},
				"south": {"uv": [12.25, 15, 12.75, 15.25], "texture": "#0"},
				"west": {"uv": [13.75, 15, 14, 15.25], "texture": "#0"},
				"up": {"uv": [15, 9.75, 15.25, 10.25], "rotation": 90, "texture": "#0"},
				"down": {"uv": [0, 0, 0.25, 0.5], "rotation": 270, "texture": "#0"}
			}
		},
		{
			"from": [7.75, 13.75, 8.5],
			"to": [8.25, 14, 8.75],
			"rotation": {"angle": 0, "axis": "y", "origin": [0.25, 21, 15]},
			"faces": {
				"north": {"uv": [12.25, 15, 12.75, 15.25], "texture": "#0"},
				"east": {"uv": [13.75, 15, 14, 15.25], "texture": "#0"},
				"south": {"uv": [0, 0, 0.5, 0.25], "texture": "#0"},
				"west": {"uv": [15, 15, 15.25, 15.25], "texture": "#0"},
				"up": {"uv": [13.75, 9.75, 14, 10.25], "rotation": 90, "texture": "#0"},
				"down": {"uv": [0, 0, 0.25, 0.5], "rotation": 270, "texture": "#0"}
			}
		},
		{
			"from": [7.75, 13.5, 6.5],
			"to": [8.25, 13.75, 6.75],
			"rotation": {"angle": 0, "axis": "y", "origin": [0.25, 21, 15]},
			"faces": {
				"north": {"uv": [12.25, 15.25, 12.75, 15.5], "texture": "#0"},
				"east": {"uv": [15.75, 15.25, 16, 15.5], "texture": "#0"},
				"south": {"uv": [0, 0, 0.5, 0.25], "texture": "#0"},
				"west": {"uv": [13, 15.25, 13.25, 15.5], "texture": "#0"},
				"up": {"uv": [0, 0, 0.25, 0.5], "rotation": 90, "texture": "#0"},
				"down": {"uv": [15.75, 9.75, 16, 10.25], "rotation": 270, "texture": "#0"}
			}
		},
		{
			"from": [7.75, 13.5, 9.25],
			"to": [8.25, 13.75, 9.5],
			"rotation": {"angle": 0, "axis": "y", "origin": [0.25, 21, 15]},
			"faces": {
				"north": {"uv": [0, 0, 0.5, 0.25], "texture": "#0"},
				"east": {"uv": [13, 15.25, 13.25, 15.5], "texture": "#0"},
				"south": {"uv": [12.25, 15.25, 12.75, 15.5], "texture": "#0"},
				"west": {"uv": [15.75, 15.25, 16, 15.5], "texture": "#0"},
				"up": {"uv": [0, 0, 0.25, 0.5], "rotation": 90, "texture": "#0"},
				"down": {"uv": [13, 9.75, 13.25, 10.25], "rotation": 270, "texture": "#0"}
			}
		},
		{
			"from": [7.75, 13.25, 9],
			"to": [8.25, 13.75, 9.25],
			"rotation": {"angle": 0, "axis": "y", "origin": [0.25, 21, 15]},
			"faces": {
				"north": {"uv": [0, 0, 0.5, 0.5], "texture": "#0"},
				"east": {"uv": [13.25, 15.25, 13.5, 15.75], "texture": "#0"},
				"south": {"uv": [12.25, 15.25, 12.75, 15.75], "texture": "#0"},
				"west": {"uv": [15.5, 15.25, 15.75, 15.75], "texture": "#0"},
				"up": {"uv": [0, 0, 0.25, 0.5], "rotation": 90, "texture": "#0"},
				"down": {"uv": [13.25, 9.75, 13.5, 10.25], "rotation": 270, "texture": "#0"}
			}
		},
		{
			"from": [7.75, 13.75, 6.5],
			"to": [8.25, 16, 7.25],
			"rotation": {"angle": 0, "axis": "y", "origin": [0.25, 21, 15]},
			"faces": {
				"north": {"uv": [12.25, 13.25, 12.75, 15.25], "texture": "#0"},
				"east": {"uv": [15.25, 13.25, 16, 15.25], "texture": "#0"},
				"south": {"uv": [12.25, 13, 12.75, 15], "texture": "#0"},
				"west": {"uv": [13, 13, 13.75, 15], "texture": "#0"},
				"up": {"uv": [14, 9.75, 14.75, 10.25], "rotation": 90, "texture": "#0"},
				"down": {"uv": [0, 0, 0.75, 0.5], "rotation": 270, "texture": "#0"}
			}
		},
		{
			"from": [7.75, 13.75, 8.75],
			"to": [8.25, 16, 9.5],
			"rotation": {"angle": 0, "axis": "y", "origin": [0.25, 21, 15]},
			"faces": {
				"north": {"uv": [12.25, 13.25, 12.75, 15.25], "texture": "#0"},
				"east": {"uv": [13, 13.25, 13.75, 15.25], "texture": "#0"},
				"south": {"uv": [12.25, 13.25, 12.75, 15.25], "texture": "#0"},
				"west": {"uv": [15.25, 13.25, 16, 15.25], "texture": "#0"},
				"up": {"uv": [14.25, 10.5, 15, 11], "rotation": 90, "texture": "#0"},
				"down": {"uv": [0, 0, 0.75, 0.5], "rotation": 270, "texture": "#0"}
			}
		},
		{
			"from": [7.75, 1.75, 6.75],
			"to": [8.25, 2.25, 7],
			"rotation": {"angle": 0, "axis": "y", "origin": [0.25, 5, 15]},
			"faces": {
				"north": {"uv": [12.25, 10.75, 12.75, 11.25], "texture": "#0"},
				"east": {"uv": [15.5, 10.75, 15.75, 11.25], "texture": "#0"},
				"south": {"uv": [0, 0, 0.5, 0.5], "texture": "#0"},
				"west": {"uv": [13.25, 10.75, 13.5, 11.25], "texture": "#0"},
				"up": {"uv": [15.5, 9.75, 15.75, 10.25], "rotation": 90, "texture": "#0"},
				"down": {"uv": [0, 0, 0.25, 0.5], "rotation": 270, "texture": "#0"}
			}
		},
		{
			"from": [7.75, 1.75, 6.5],
			"to": [8.25, 2, 6.75],
			"rotation": {"angle": 0, "axis": "y", "origin": [0.25, 5, 15]},
			"faces": {
				"north": {"uv": [12.25, 11, 12.75, 11.25], "texture": "#0"},
				"east": {"uv": [15.75, 11, 16, 11.25], "texture": "#0"},
				"south": {"uv": [0, 0, 0.5, 0.25], "texture": "#0"},
				"west": {"uv": [13, 11, 13.25, 11.25], "texture": "#0"},
				"up": {"uv": [15.75, 9.75, 16, 10.25], "rotation": 90, "texture": "#0"},
				"down": {"uv": [0, 0, 0.25, 0.5], "rotation": 270, "texture": "#0"}
			}
		},
		{
			"from": [7.75, 1.5, 7.25],
			"to": [8.25, 1.75, 7.5],
			"rotation": {"angle": 0, "axis": "y", "origin": [0.25, 5, 15]},
			"faces": {
				"north": {"uv": [0, 0, 0.5, 0.25], "texture": "#0"},
				"east": {"uv": [15, 11.25, 15.25, 11.5], "texture": "#0"},
				"south": {"uv": [12.25, 11.25, 12.75, 11.5], "texture": "#0"},
				"west": {"uv": [13.75, 11.25, 14, 11.5], "texture": "#0"},
				"up": {"uv": [0, 0, 0.25, 0.5], "rotation": 90, "texture": "#0"},
				"down": {"uv": [15, 9.75, 15.25, 10.25], "rotation": 270, "texture": "#0"}
			}
		},
		{
			"from": [7.75, 1.5, 8.5],
			"to": [8.25, 1.75, 8.75],
			"rotation": {"angle": 0, "axis": "y", "origin": [0.25, 5, 15]},
			"faces": {
				"north": {"uv": [12.25, 11.25, 12.75, 11.5], "texture": "#0"},
				"east": {"uv": [13.75, 11.25, 14, 11.5], "texture": "#0"},
				"south": {"uv": [0, 0, 0.5, 0.25], "texture": "#0"},
				"west": {"uv": [15, 11.25, 15.25, 11.5], "texture": "#0"},
				"up": {"uv": [0, 0, 0.25, 0.5], "rotation": 90, "texture": "#0"},
				"down": {"uv": [13.75, 9.75, 14, 10.25], "rotation": 270, "texture": "#0"}
			}
		},
		{
			"from": [7.75, 1.75, 9.25],
			"to": [8.25, 2, 9.5],
			"rotation": {"angle": 0, "axis": "y", "origin": [0.25, 5, 15]},
			"faces": {
				"north": {"uv": [0, 0, 0.5, 0.25], "texture": "#0"},
				"east": {"uv": [13, 11, 13.25, 11.25], "texture": "#0"},
				"south": {"uv": [12.25, 11, 12.75, 11.25], "texture": "#0"},
				"west": {"uv": [15.75, 11, 16, 11.25], "texture": "#0"},
				"up": {"uv": [13, 9.75, 13.25, 10.25], "rotation": 90, "texture": "#0"},
				"down": {"uv": [0, 0, 0.25, 0.5], "rotation": 270, "texture": "#0"}
			}
		},
		{
			"from": [7.75, 1.75, 9],
			"to": [8.25, 2.25, 9.25],
			"rotation": {"angle": 0, "axis": "y", "origin": [0.25, 5, 15]},
			"faces": {
				"north": {"uv": [0, 0, 0.5, 0.5], "texture": "#0"},
				"east": {"uv": [13.25, 10.75, 13.5, 11.25], "texture": "#0"},
				"south": {"uv": [12.25, 10.75, 12.75, 11.25], "texture": "#0"},
				"west": {"uv": [15.5, 10.75, 15.75, 11.25], "texture": "#0"},
				"up": {"uv": [13.25, 9.75, 13.5, 10.25], "rotation": 90, "texture": "#0"},
				"down": {"uv": [0, 0, 0.25, 0.5], "rotation": 270, "texture": "#0"}
			}
		},
		{
			"from": [7.75, 1.75, 7],
			"to": [8.25, 2.5, 9],
			"rotation": {"angle": 0, "axis": "y", "origin": [0.25, 5, 15]},
			"faces": {
				"north": {"uv": [12.25, 10.5, 12.75, 11.25], "texture": "#0"},
				"east": {"uv": [13.5, 10.5, 15.5, 11.25], "texture": "#0"},
				"south": {"uv": [12.25, 10.5, 12.75, 11.25], "texture": "#0"},
				"west": {"uv": [13.5, 10.5, 15.5, 11.25], "texture": "#0"},
				"up": {"uv": [13.5, 9.75, 15.5, 10.25], "rotation": 90, "texture": "#0"},
				"down": {"uv": [13.5, 9.75, 15.5, 10.25], "rotation": 270, "texture": "#0"}
			}
		},
		{
			"from": [7.75, 0, 6.5],
			"to": [8.25, 1.75, 7.25],
			"rotation": {"angle": 0, "axis": "y", "origin": [0.25, 5, 15]},
			"faces": {
				"north": {"uv": [12.25, 11.25, 12.75, 13.25], "texture": "#0"},
				"east": {"uv": [15.25, 11.25, 16, 13.25], "texture": "#0"},
				"south": {"uv": [12.25, 11.5, 12.75, 13.5], "texture": "#0"},
				"west": {"uv": [13, 11.25, 13.75, 13.25], "texture": "#0"},
				"up": {"uv": [0, 0, 0.75, 0.5], "rotation": 90, "texture": "#0"},
				"down": {"uv": [14.25, 10.5, 15, 11], "rotation": 270, "texture": "#0"}
			}
		},
		{
			"from": [7.75, 0, 8.75],
			"to": [8.25, 1.75, 9.5],
			"rotation": {"angle": 0, "axis": "y", "origin": [0.25, 5, 15]},
			"faces": {
				"north": {"uv": [12.25, 11.5, 12.75, 13.5], "texture": "#0"},
				"east": {"uv": [13, 11.25, 13.75, 13.25], "texture": "#0"},
				"south": {"uv": [12.25, 11.25, 12.75, 13.25], "texture": "#0"},
				"west": {"uv": [15.25, 11.25, 16, 13.25], "texture": "#0"},
				"up": {"uv": [0, 0, 0.75, 0.5], "rotation": 90, "texture": "#0"},
				"down": {"uv": [14, 10.5, 14.75, 11], "rotation": 270, "texture": "#0"}
			}
		}
	],
	"display": {
		"thirdperson_righthand": {
			"translation": [0, 0, -0.75],
			"scale": [0.5, 0.5, 0.5]
		},
		"thirdperson_lefthand": {
			"translation": [0, 0, -0.75],
			"scale": [0.5, 0.5, 0.5]
		},
		"firstperson_righthand": {
			"scale": [0.5, 0.5, 0.5]
		},
		"firstperson_lefthand": {
			"scale": [0.5, 0.5, 0.5]
		},
		"ground": {
			"translation": [0, 3, 0],
			"scale": [0.45, 0.45, 0.45]
		},
		"gui": {
			"rotation": [30, 135, 0]
		},
		"fixed": {
			"scale": [0.75, 0.75, 0.75]
		}
	},
	"groups": [
		{
			"name": "chain1",
			"origin": [8, 8, 8],
			"children": [0, 1, 2, 3, 4, 5, 6, 7, 8, 9, 10, 11, 12, 13, 14, 15]
		},
		{
			"name": "chain2",
			"origin": [8, 8, 8],
			"children": [16, 17, 18, 19, 20, 21, 22, 23, 24, 25, 26, 27, 28, 29, 30, 31]
		},
		{
			"name": "chain3",
			"origin": [8, 8, 8],
			"children": [32, 33, 34, 35, 36, 37, 38, 39, 40, 41, 42, 43, 44, 45, 46, 47]
		},
		{
			"name": "chain4",
			"origin": [8, 8, 8],
			"children": [48, 49, 50, 51, 52, 53, 54, 55, 56]
		},
		{
			"name": "chain5",
			"origin": [8, 8, 8],
			"children": [57, 58, 59, 60, 61, 62, 63, 64, 65]
		}
	]
}