{
    "textures": {
        "particle": "#side"
    },
    "elements": [
        {   
            "from": [ 5, 0, 0 ],
            "to": [ 11, 13, 8 ],
            "faces": {
                "down":  { "texture": "#normal", "cullface": "down" },
                "up":    { "texture": "#top" },
                "north": { "texture": "#side", "cullface": "north" },
                "west":  { "texture": "#side" },
                "east":  { "texture": "#side" }
            },
            "__comment": "wall"
        }
    ]
}
