{
    "textures": {
        "particle": "#wall",
        "side": "#side",
        "top": "#top"
    },
    "elements": [
        {   "from": [ 5, 0, 0 ],
            "to": [ 11, 13, 16 ],
            "faces": {
                "down":  { "uv": [ 5, 0, 11, 16 ], "texture": "#wall", "cullface": "down" },
                "up":    { "uv": [ 5, 0, 11, 16 ], "texture": "#top" },
                "north": { "uv": [ 5, 3, 11, 16 ], "texture": "#side", "cullface": "north" },
                "south": { "uv": [ 5, 3, 11, 16 ], "texture": "#side", "cullface": "south" },
                "west":  { "uv": [ 0, 3, 16, 16 ], "texture": "#side" },
                "east":  { "uv": [ 0, 3, 16, 16 ], "texture": "#side" }
            }
        }
    ]
}