{
    "textures": {
        "particle": "#side"
    },
    "elements": [
        {   "from": [ 4, 0, 4 ],
            "to": [ 12, 16, 12 ],
            "faces": {
                "down":  { "texture": "#normal", "cullface": "down" },
                "up":    { "texture": "#top", "cullface": "up"   },
                "north": { "texture": "#side" },
                "south": { "texture": "#side" },
                "west":  { "texture": "#side" },
                "east":  { "texture": "#side" }
            },
            "__comment": "Center post"
        }
    ]
}